LineCount,Group,DuplicateFile,StartLine,EndLine
10,Core.Library.Protocol,D:\PrismMetrics\src\Core.Library.Protocol\Service\Slb.Prism.Core.Library.Protocol\Generated\Energistics\Datatypes\ArrayOfInt.cs,31,50
10,Core.Library.Protocol,D:\PrismMetrics\src\Core.Library.Protocol\Service\Slb.Prism.Core.Library.Protocol\Generated\Energistics\Datatypes\ArrayOfDouble.cs,31,50
10,Core.Library.Protocol,D:\PrismMetrics\src\Core.Library.Protocol\Service\Slb.Prism.Core.Library.Protocol\Generated\Energistics\Datatypes\ArrayOfBoolean.cs,31,50
10,Core.Library.Protocol,D:\PrismMetrics\src\Core.Library.Protocol\Service\Slb.Prism.Core.Library.Protocol\Generated\Energistics\Datatypes\ArrayOfFloat.cs,31,50
10,Core.Library.Protocol,D:\PrismMetrics\src\Core.Library.Protocol\Service\Slb.Prism.Core.Library.Protocol\Generated\Energistics\Datatypes\ArrayOfLong.cs,31,50
10,Core.Service.Command,D:\PrismMetrics\src\Core.Service.Command\Service\Slb.Prism.Core.Service.Command.DeviceCommunication\PlankResponseProcessor.cs,22,43
10,Core.Service.Command,D:\PrismMetrics\src\Core.Service.Command\Service\Slb.Prism.Core.Service.Command.Request\CommandRequestProcessor.cs,21,42
10,Core.Service.Command,D:\PrismMetrics\src\Core.Service.Command\Service\Slb.Prism.Core.Service.Command.WellCommandProcessor\CommandProcessor.cs,281,310
10,Core.Service.Command,D:\PrismMetrics\src\Core.Service.Command\Service\Slb.Prism.Core.Service.EvtData.WellEvtDataProcessor\EventDataProcessor.cs,235,264
10,Core.Library.Protocol,D:\PrismMetrics\src\Core.Library.Protocol\Service\Slb.Prism.Core.Library.Protocol\Generated\Energistics\Protocol\Store\PutObject.cs,35,54
10,Core.Library.Protocol,D:\PrismMetrics\src\Core.Library.Protocol\Service\Slb.Prism.Core.Library.Protocol\Generated\Energistics\Protocol\ChannelStreaming\ChannelData.cs,55,74
10,Core.Service.DemoApp,D:\PrismMetrics\src\Core.Service.DemoApp\Service\Slb.Prism.Core.Service.DemoApp\Areas\HelpPage\HelpPageAreaRegistration.cs,6,23
10,Core.Service.ChannelData.Writer,D:\PrismMetrics\src\Core.Service.ChannelData.Writer\Service\Slb.Prism.Core.Service.ChannelData.Reader\Areas\HelpPage\HelpPageAreaRegistration.cs,6,23
10,Core.Library.Protocol,D:\PrismMetrics\src\Core.Library.Protocol\Service\Slb.Prism.Core.Library.Protocol\Generated\Energistics\Datatypes\ChannelData\ChannelMetadataRecord.cs,153,172
10,Core.Library.Protocol,D:\PrismMetrics\src\Core.Library.Protocol\Service\Slb.Prism.Core.Library.Protocol\Generated\Energistics\Protocol\ChannelStreaming\ChannelDataChange.cs,70,89
10,Core.Library.Protocol,D:\PrismMetrics\src\Core.Library.Protocol\Service\Slb.Prism.Core.Library.Protocol\Generated\Energistics\Datatypes\ChannelData\ChannelRangeInfo.cs,45,64
10,Core.Library.Protocol,D:\PrismMetrics\src\Core.Library.Protocol\Service\Slb.Prism.Core.Library.Protocol\Generated\Energistics\Protocol\GrowingObject\GrowingObjectDeleteRange.cs,45,64
10,Core.Library.Protocol,D:\PrismMetrics\src\Core.Library.Protocol\Service\Slb.Prism.Core.Library.Protocol\Generated\Energistics\Protocol\GrowingObject\GrowingObjectGetRange.cs,45,64
10,Core.Library.Protocol,D:\PrismMetrics\src\Core.Library.Protocol\Service\Slb.Prism.Core.Library.Protocol\Generated\Energistics\Protocol\Discovery\GetResources.cs,29,48
10,Core.Library.Protocol,D:\PrismMetrics\src\Core.Library.Protocol\Service\Slb.Prism.Core.Library.Protocol\Generated\Energistics\Protocol\DataArray\GetDataArray.cs,29,48
10,Core.Library.Protocol,D:\PrismMetrics\src\Core.Library.Protocol\Service\Slb.Prism.Core.Library.Protocol\Generated\Energistics\Protocol\Store\DeleteObject.cs,29,48
10,Core.Library.Protocol,D:\PrismMetrics\src\Core.Library.Protocol\Service\Slb.Prism.Core.Library.Protocol\Generated\Energistics\Protocol\Store\GetObject.cs,29,48
10,Core.Library.Protocol,D:\PrismMetrics\src\Core.Library.Protocol\Service\Slb.Prism.Core.Library.Protocol\Generated\Energistics\Protocol\ChannelStreaming\ChannelStreamingStop.cs,29,48
10,Core.Library.Protocol,D:\PrismMetrics\src\Core.Library.Protocol\Service\Slb.Prism.Core.Library.Protocol\Generated\Energistics\Protocol\ChannelStreaming\ChannelMetadata.cs,82,101
10,Core.Library.Protocol,D:\PrismMetrics\src\Core.Library.Protocol\Service\Slb.Prism.Core.Library.Protocol\Generated\Energistics\Protocol\ChannelStreaming\ChannelStreamingStart.cs,47,66
11,Core.Library.Sabre,D:\PrismMetrics\src\Core.Library.Sabre\src\Sabre.lg\objects\LogarithmicGrid.js,12,26
11,Core.Library.Sabre,D:\PrismMetrics\src\Core.Library.Sabre\dist\Sabre.min.js,5341,5355
11,Core.Library.Sabre,D:\PrismMetrics\src\Core.Library.Sabre\dist\Sabre.min.js,5271,5285
11,Core.Service.Command,D:\PrismMetrics\src\Core.Service.Command\Service\Slb.Prism.Core.Service.EvtData.WellEvtDataProcessor\EventDataProcessor.cs,215,232
11,Core.Service.Command,D:\PrismMetrics\src\Core.Service.Command\Service\Slb.Prism.Core.Service.Command.WellCommandProcessor\CommandProcessor.cs,261,278
11,Core.Library.Sabre,D:\PrismMetrics\src\Core.Library.Sabre\src\Sabre.lg.ui\LogRangeSelection.js,5,17
11,Core.Library.Sabre,D:\PrismMetrics\src\Core.Library.Sabre\dist\Sabre.min.js,995,1007
12,Core.Service.DemoApp,D:\PrismMetrics\src\Core.Service.DemoApp\Service\Slb.Prism.Core.Service.DemoApp\Controllers\ManageController.cs,25,49
12,Core.Service.DemoApp,D:\PrismMetrics\src\Core.Service.DemoApp\Service\Slb.Prism.Core.Service.DemoApp\Controllers\AccountController.cs,27,51
12,Core.Library.Protocol,D:\PrismMetrics\src\Core.Library.Protocol\Service\Slb.Prism.Core.Library.Protocol\Generated\Energistics\Protocol\GrowingObject\GrowingObjectPut.cs,52,76
12,Core.Library.Protocol,D:\PrismMetrics\src\Core.Library.Protocol\Service\Slb.Prism.Core.Library.Protocol\Generated\Energistics\Protocol\GrowingObject\ObjectFragment.cs,52,76
12,Core.Library.Protocol,D:\PrismMetrics\src\Core.Library.Protocol\Service\Slb.Prism.Core.Library.Protocol\Generated\Energistics\Datatypes\Object\DataObject.cs,44,68
12,Core.Service.Listener,D:\PrismMetrics\src\Core.Service.Listener\Service\Slb.Prism.Core.Service.ListenerService\SubscriptionListener.cs,28,42
12,Core.Service.Listener,D:\PrismMetrics\src\Core.Service.Listener\Service\Slb.Prism.Core.Service.Listener.PublishService\PublishListener.cs,40,54
12,Core.Library.Sabre,D:\PrismMetrics\src\Core.Library.Sabre\src\Sabre.lg\constants\ctEvents.js,2,14
12,Core.Library.Sabre,D:\PrismMetrics\src\Core.Library.Sabre\dist\Sabre.min.js,2393,2405
12,Core.Library.Protocol,D:\PrismMetrics\src\Core.Library.Protocol\Service\Slb.Prism.Core.Library.Protocol\Generated\Energistics\Protocol\GrowingObject\GrowingObjectDeleteRange.cs,45,69
12,Core.Library.Protocol,D:\PrismMetrics\src\Core.Library.Protocol\Service\Slb.Prism.Core.Library.Protocol\Generated\Energistics\Datatypes\ChannelData\ChannelRangeInfo.cs,45,69
12,Core.Library.Protocol,D:\PrismMetrics\src\Core.Library.Protocol\Service\Slb.Prism.Core.Library.Protocol\Generated\Energistics\Protocol\GrowingObject\GrowingObjectGetRange.cs,45,69
13,Core.Library.Protocol,D:\PrismMetrics\src\Core.Library.Protocol\Service\Slb.Prism.Core.Library.Protocol\Generated\Energistics\Datatypes\DataValue.cs,30,54
13,Core.Library.Protocol,D:\PrismMetrics\src\Core.Library.Protocol\Service\Slb.Prism.Core.Library.Protocol\Generated\Energistics\Datatypes\AnyArray.cs,33,57
13,Core.Library.Protocol,D:\PrismMetrics\src\Core.Library.Protocol\Service\Slb.Prism.Core.Library.Protocol\Generated\Energistics\Datatypes\ChannelData\IndexValue.cs,29,53
13,Core.Library.Protocol,D:\PrismMetrics\src\Core.Library.Protocol\Service\Slb.Prism.Core.Library.Protocol\Generated\Energistics\Datatypes\ChannelData\StreamingStartIndex.cs,31,55
13,Core.Library.Protocol,D:\PrismMetrics\src\Core.Library.Protocol\Service\Slb.Prism.Core.Library.Protocol\Generated\Energistics\Protocol\DataArray\GetDataArray.cs,27,51
13,Core.Library.Protocol,D:\PrismMetrics\src\Core.Library.Protocol\Service\Slb.Prism.Core.Library.Protocol\Generated\Energistics\Protocol\Store\GetObject.cs,27,51
13,Core.Library.Protocol,D:\PrismMetrics\src\Core.Library.Protocol\Service\Slb.Prism.Core.Library.Protocol\Generated\Energistics\Protocol\Discovery\GetResources.cs,27,51
13,Core.Service.DemoApp,D:\PrismMetrics\src\Core.Service.DemoApp\Service\Slb.Prism.Core.Service.DemoApp\Areas\HelpPage\SampleGeneration\TextSample.cs,8,34
13,Core.Service.ChannelData.Writer,D:\PrismMetrics\src\Core.Service.ChannelData.Writer\Service\Slb.Prism.Core.Service.ChannelData.Reader\Areas\HelpPage\SampleGeneration\TextSample.cs,8,34
13,Core.Service.DemoApp,D:\PrismMetrics\src\Core.Service.DemoApp\Service\Slb.Prism.Core.Service.DemoApp\Areas\HelpPage\SampleGeneration\ImageSample.cs,8,38
13,Core.Service.ChannelData.Writer,D:\PrismMetrics\src\Core.Service.ChannelData.Writer\Service\Slb.Prism.Core.Service.ChannelData.Reader\Areas\HelpPage\SampleGeneration\ImageSample.cs,8,38
13,Core.Service.DemoApp,D:\PrismMetrics\src\Core.Service.DemoApp\Service\Slb.Prism.Core.Service.DemoApp\Models\AccountViewModels.cs,72,86
13,Core.Service.DemoApp,D:\PrismMetrics\src\Core.Service.DemoApp\Service\Slb.Prism.Core.Service.DemoApp\Models\AccountViewModels.cs,94,108
13,Core.Library.Sabre,D:\PrismMetrics\src\Core.Library.Sabre\dist\Sabre.min.js,723,736
13,Core.Library.Sabre,D:\PrismMetrics\src\Core.Library.Sabre\src\Sabre.base\platform.js,1,14
13,Core.Service.DemoApp,D:\PrismMetrics\src\Core.Service.DemoApp\Service\Slb.Prism.Core.Service.DemoApp\Areas\HelpPage\SampleGeneration\InvalidSample.cs,8,34
13,Core.Service.ChannelData.Writer,D:\PrismMetrics\src\Core.Service.ChannelData.Writer\Service\Slb.Prism.Core.Service.ChannelData.Reader\Areas\HelpPage\SampleGeneration\InvalidSample.cs,8,34
13,Core.Service.Command,D:\PrismMetrics\src\Core.Service.Command\Service\Slb.Prism.Core.Service.EvtData.WellEvtDataProcessor\EventDataProcessor.cs,282,306
13,Core.Service.Command,D:\PrismMetrics\src\Core.Service.Command\Service\Slb.Prism.Core.Service.Command.WellCommandProcessor\CommandProcessor.cs,352,373
14,Core.Service.DemoApp,D:\PrismMetrics\src\Core.Service.DemoApp\Service\Slb.Prism.Core.Service.DemoApp\Areas\HelpPage\ModelDescriptions\ModelNameHelper.cs,8,33
14,Core.Service.ChannelData.Writer,D:\PrismMetrics\src\Core.Service.ChannelData.Writer\Service\Slb.Prism.Core.Service.ChannelData.Reader\Areas\HelpPage\ModelDescriptions\ModelNameHelper.cs,8,33
14,Core.Library.Protocol,D:\PrismMetrics\src\Core.Library.Protocol\Service\Slb.Prism.Core.Library.Protocol\Generated\Energistics\Protocol\ChannelStreaming\ChannelDataChange.cs,61,89
14,Core.Library.Protocol,D:\PrismMetrics\src\Core.Library.Protocol\Service\Slb.Prism.Core.Library.Protocol\Generated\Energistics\Datatypes\ChannelData\ChannelRangeInfo.cs,36,64
15,Core.Library.Sabre,D:\PrismMetrics\src\Core.Library.Sabre\dist\Sabre.min.js,5331,5348
15,Core.Library.Sabre,D:\PrismMetrics\src\Core.Library.Sabre\src\Sabre.lg\objects\TangentialGrid.js,4,21
16,Core.Service.Command,D:\PrismMetrics\src\Core.Service.Command\Service\Slb.Prism.Core.Service.Command.WellCommandProcessor\WellCommandProcessor.cs,124,159
16,Core.Service.Command,D:\PrismMetrics\src\Core.Service.Command\Service\Slb.Prism.Core.Service.EvtData.WellEvtDataProcessor\WellEvtDataProcessor.cs,101,141
17,Core.Library.Sabre,D:\PrismMetrics\src\Core.Library.Sabre\dist\Sabre.min.js,1608,1626
17,Core.Library.Sabre,D:\PrismMetrics\src\Core.Library.Sabre\src\Sabre.lg\constants\ctColor.js,2,20
17,Core.Service.ChannelData.Writer,D:\PrismMetrics\src\Core.Service.ChannelData.Writer\Service\Slb.Prism.Core.Service.ChannelData.Reader\Areas\HelpPage\ApiDescriptionExtensions.cs,8,36
17,Core.Service.DemoApp,D:\PrismMetrics\src\Core.Service.DemoApp\Service\Slb.Prism.Core.Service.DemoApp\Areas\HelpPage\ApiDescriptionExtensions.cs,8,36
19,Core.Service.Command,D:\PrismMetrics\src\Core.Service.Command\Service\Slb.Prism.Core.Service.Command.Core\EventDataBase.cs,11,47
19,Core.Service.Command,D:\PrismMetrics\src\Core.Service.Command\Service\Slb.Prism.Core.Service.Command.Core\CommandBase.cs,12,49
20,Core.Library.Protocol,D:\PrismMetrics\src\Core.Library.Protocol\Service\Slb.Prism.Core.Library.Protocol\Generated\Energistics\Protocol\GrowingObject\GrowingObjectGet.cs,28,65
20,Core.Library.Protocol,D:\PrismMetrics\src\Core.Library.Protocol\Service\Slb.Prism.Core.Library.Protocol\Generated\Energistics\Protocol\GrowingObject\GrowingObjectDelete.cs,28,65
21,Core.Library.Protocol,D:\PrismMetrics\src\Core.Library.Protocol\Service\Slb.Prism.Core.Library.Protocol\Generated\Energistics\Protocol\StoreNotification\ChangeNotification.cs,20,40
21,Core.Library.Protocol,D:\PrismMetrics\src\Core.Library.Protocol\Service\Slb.Prism.Core.Library.Protocol\Generated\Energistics\Protocol\StoreNotification\DeleteNotification.cs,20,40
21,Core.Library.Sabre,D:\PrismMetrics\src\Core.Library.Sabre\dist\Sabre.min.js,174,202
21,Core.Library.Sabre,D:\PrismMetrics\src\Core.Library.Sabre\src\Sabre.base\device.js,5,33
21,Core.Library.Sabre,D:\PrismMetrics\src\Core.Library.Sabre\src\Sabre.lg\constants\ctGraphic.js,2,27
21,Core.Library.Sabre,D:\PrismMetrics\src\Core.Library.Sabre\dist\Sabre.min.js,2407,2432
22,Core.Service.Command,D:\PrismMetrics\src\Core.Service.Command\Service\Slb.Prism.Core.Service.Command.Core\ProcessorBase .cs,13,55
22,Core.Service.Command,D:\PrismMetrics\src\Core.Service.Command\Service\Slb.Prism.Core.Service.Command.Core\EventDataProcessorBase.cs,13,55
22,Core.Service.Command,D:\PrismMetrics\src\Core.Service.Command\Service\Slb.Prism.Core.Service.EvtData.WellEvtDataProcessor\EventDataProcessor.cs,47,103
22,Core.Service.Command,D:\PrismMetrics\src\Core.Service.Command\Service\Slb.Prism.Core.Service.Command.WellCommandProcessor\CommandProcessor.cs,54,112
23,Core.Service.DemoApp,D:\PrismMetrics\src\Core.Service.DemoApp\Service\Slb.Prism.Core.Service.DemoApp\Areas\HelpPage\Controllers\HelpController.cs,12,60
23,Core.Service.ChannelData.Writer,D:\PrismMetrics\src\Core.Service.ChannelData.Writer\Service\Slb.Prism.Core.Service.ChannelData.Reader\Areas\HelpPage\Controllers\HelpController.cs,12,60
24,Core.Library.Sabre,D:\PrismMetrics\src\Core.Library.Sabre\dist\Sabre.min.js,2434,2458
24,Core.Library.Sabre,D:\PrismMetrics\src\Core.Library.Sabre\src\Sabre.lg\constants\ctOrderedLgObjects.js,2,26
26,Core.Service.DemoApp,D:\PrismMetrics\src\Core.Service.DemoApp\Service\Slb.Prism.Core.Service.DemoApp\Areas\HelpPage\App_Start\HelpPageConfig.cs,30,111
26,Core.Service.ChannelData.Writer,D:\PrismMetrics\src\Core.Service.ChannelData.Writer\Service\Slb.Prism.Core.Service.ChannelData.Reader\Areas\HelpPage\App_Start\HelpPageConfig.cs,30,111
27,Core.Library.Protocol,D:\PrismMetrics\src\Core.Library.Protocol\Service\Slb.Prism.Core.Library.Protocol\Generated\Energistics\Protocol\GrowingObject\GrowingObjectGetRange.cs,34,84
27,Core.Library.Protocol,D:\PrismMetrics\src\Core.Library.Protocol\Service\Slb.Prism.Core.Library.Protocol\Generated\Energistics\Protocol\GrowingObject\GrowingObjectDeleteRange.cs,34,84
28,Core.Service.Command,D:\PrismMetrics\src\Core.Service.Command\Service\Slb.Prism.Core.Service.Command.WellCommandProcessor\CommandProcessor.cs,195,254
28,Core.Service.Command,D:\PrismMetrics\src\Core.Service.Command\Service\Slb.Prism.Core.Service.EvtData.WellEvtDataProcessor\EventDataProcessor.cs,147,207
30,Core.Service.DemoApp,D:\PrismMetrics\src\Core.Service.DemoApp\Service\Slb.Prism.Core.Service.DemoApp\Areas\HelpPage\Models\HelpPageApiModel.cs,12,105
30,Core.Service.ChannelData.Writer,D:\PrismMetrics\src\Core.Service.ChannelData.Writer\Service\Slb.Prism.Core.Service.ChannelData.Reader\Areas\HelpPage\Models\HelpPageApiModel.cs,12,105
31,Core.Library.Sabre,D:\PrismMetrics\src\Core.Library.Sabre\src\Sabre.base\type.js,6,56
31,Core.Library.Sabre,D:\PrismMetrics\src\Core.Library.Sabre\dist\Sabre.min.js,926,976
32,Core.Library.Sabre,D:\PrismMetrics\src\Core.Library.Sabre\src\Sabre.lg\objects\LinearGrid.js,4,46
32,Core.Library.Sabre,D:\PrismMetrics\src\Core.Library.Sabre\dist\Sabre.min.js,5217,5259
32,Core.Library.Sabre,D:\PrismMetrics\src\Core.Library.Sabre\src\Sabre.lg\util\rectFunc.js,4,46
32,Core.Library.Sabre,D:\PrismMetrics\src\Core.Library.Sabre\dist\Sabre.min.js,5606,5648
34,Core.Library.Protocol,D:\PrismMetrics\src\Core.Library.Protocol\Service\Slb.Prism.Core.Library.Protocol\Generated\Energistics\Protocol\GrowingObject\ObjectFragment.cs,30,93
34,Core.Library.Protocol,D:\PrismMetrics\src\Core.Library.Protocol\Service\Slb.Prism.Core.Library.Protocol\Generated\Energistics\Protocol\GrowingObject\GrowingObjectPut.cs,30,93
37,Core.Library.Sabre,D:\PrismMetrics\src\Core.Library.Sabre\src\Sabre.lg\objects\TangentialGrid.js,23,71
37,Core.Library.Sabre,D:\PrismMetrics\src\Core.Library.Sabre\dist\Sabre.min.js,5350,5398
48,Core.Library.Sabre,D:\PrismMetrics\src\Core.Library.Sabre\dist\Sabre.min.js,5263,5327
48,Core.Library.Sabre,D:\PrismMetrics\src\Core.Library.Sabre\src\Sabre.lg\objects\LogarithmicGrid.js,4,68
51,Core.Library.Sabre,D:\PrismMetrics\src\Core.Library.Sabre\dist\Sabre.min.js,5145,5213
51,Core.Library.Sabre,D:\PrismMetrics\src\Core.Library.Sabre\src\Sabre.lg\objects\Curve.js,4,72
52,Core.Library.Sabre,D:\PrismMetrics\src\Core.Library.Sabre\src\Sabre.lg\constants\ctEmptyTimeTemplate.js,2,63
52,Core.Library.Sabre,D:\PrismMetrics\src\Core.Library.Sabre\dist\Sabre.min.js,2330,2391
53,Core.Library.Sabre,D:\PrismMetrics\src\Core.Library.Sabre\dist\Sabre.min.js,639,722
53,Core.Library.Sabre,D:\PrismMetrics\src\Core.Library.Sabre\src\Sabre.base\net.js,2,85
58,Core.Library.Sabre,D:\PrismMetrics\src\Core.Library.Sabre\dist\Sabre.min.js,2262,2328
58,Core.Library.Sabre,D:\PrismMetrics\src\Core.Library.Sabre\src\Sabre.lg\constants\ctEmptyDepthTemplate.js,2,68
58,Core.Service.DemoApp,D:\PrismMetrics\src\Core.Service.DemoApp\Service\Slb.Prism.Core.Service.DemoApp\Areas\HelpPage\SampleGeneration\HelpPageSampleKey.cs,11,169
58,Core.Service.ChannelData.Writer,D:\PrismMetrics\src\Core.Service.ChannelData.Writer\Service\Slb.Prism.Core.Service.ChannelData.Reader\Areas\HelpPage\SampleGeneration\HelpPageSampleKey.cs,11,169
59,Core.Library.Sabre,D:\PrismMetrics\src\Core.Library.Sabre\dist\Sabre.min.js,5067,5141
59,Core.Library.Sabre,D:\PrismMetrics\src\Core.Library.Sabre\src\Sabre.lg\objects\AreaFill.js,4,78
69,Core.Library.Sabre,D:\PrismMetrics\src\Core.Library.Sabre\src\Sabre.base\dom.js,2,115
69,Core.Library.Sabre,D:\PrismMetrics\src\Core.Library.Sabre\dist\Sabre.min.js,204,317
69,Core.Library.Sabre,D:\PrismMetrics\src\Core.Library.Sabre\dist\Sabre.min.js,5402,5490
69,Core.Library.Sabre,D:\PrismMetrics\src\Core.Library.Sabre\src\Sabre.lg\objects\VDL.js,4,92
75,Core.Service.DemoApp,D:\PrismMetrics\src\Core.Service.DemoApp\Service\Slb.Prism.Core.Service.DemoApp\Areas\HelpPage\XmlDocumentationProvider.cs,15,158
75,Core.Service.ChannelData.Writer,D:\PrismMetrics\src\Core.Service.ChannelData.Writer\Service\Slb.Prism.Core.Service.ChannelData.Reader\Areas\HelpPage\XmlDocumentationProvider.cs,15,158
87,Core.Library.Sabre,D:\PrismMetrics\src\Core.Library.Sabre\dist\Sabre.min.js,5494,5602
87,Core.Library.Sabre,D:\PrismMetrics\src\Core.Library.Sabre\src\Sabre.lg\objects\Waveform.js,4,112
90,Core.Library.Sabre,D:\PrismMetrics\src\Core.Library.Sabre\src\Sabre.lg\render\Tile.js,4,120
90,Core.Library.Sabre,D:\PrismMetrics\src\Core.Library.Sabre\dist\Sabre.min.js,6033,6149
99,Core.Library.Sabre,D:\PrismMetrics\src\Core.Library.Sabre\dist\Sabre.min.js,5,169
99,Core.Library.Sabre,D:\PrismMetrics\src\Core.Library.Sabre\src\Sabre.base\core.js,5,169
100,Core.Service.StreamRouter,D:\PrismMetrics\src\Core.Service.StreamRouter\Service\Slb.Prism.Core.Service.StreamRouter.DispatcherService\ServiceEventSource.cs,13,195
100,Core.Service.Listener,D:\PrismMetrics\src\Core.Service.Listener\Service\Slb.Prism.Core.Service.Listener.PublishService\ServiceEventSource.cs,13,195
100,Core.Service.Command,D:\PrismMetrics\src\Core.Service.Command\Service\Slb.Prism.Core.Service.EvtData.WellEvtDataProcessor\ServiceEventSource.cs,13,195
100,Core.Service.Command,D:\PrismMetrics\src\Core.Service.Command\Service\Slb.Prism.Core.Service.Command.WellCommandProcessor\ServiceEventSource.cs,13,195
100,Core.Service.Listener,D:\PrismMetrics\src\Core.Service.Listener\Service\Slb.Prism.Core.Service.ListenerService\ServiceEventSource.cs,13,195
100,Core.Service.ChannelData.Writer,D:\PrismMetrics\src\Core.Service.ChannelData.Writer\Service\PListen\ServiceEventSource.cs,13,195
102,Core.Service.StreamRouter,D:\PrismMetrics\src\Core.Service.StreamRouter\Service\Slb.Prism.Core.Service.StreamRouter.TelemetryProcessor\ActorEventSource.cs,13,182
102,Core.Service.StreamRouter,D:\PrismMetrics\src\Core.Service.StreamRouter\Service\Slb.Prism.Core.Service.StreamRouter.SurveyProcessor\ActorEventSource.cs,10,179
114,Core.Library.Sabre,D:\PrismMetrics\src\Core.Library.Sabre\src\Sabre.lg\render\Area.js,4,149
114,Core.Library.Sabre,D:\PrismMetrics\src\Core.Library.Sabre\dist\Sabre.min.js,5652,5797
117,Core.Library.Sabre,D:\PrismMetrics\src\Core.Library.Sabre\dist\Sabre.min.js,1012,1169
117,Core.Library.Sabre,D:\PrismMetrics\src\Core.Library.Sabre\src\Sabre.lg\abstract\BaseDataManager.js,5,162
117,Core.Library.Sabre,D:\PrismMetrics\src\Core.Library.Sabre\dist\Sabre.min.js,2460,2578
117,Core.Library.Sabre,D:\PrismMetrics\src\Core.Library.Sabre\src\Sabre.lg\constants\ctPatterns.js,2,120
121,Core.Library.Sabre,D:\PrismMetrics\src\Core.Library.Sabre\dist\Sabre.min.js,6154,6326
121,Core.Library.Sabre,D:\PrismMetrics\src\Core.Library.Sabre\src\Sabre.lg\views\View.js,5,177
129,Core.Library.Sabre,D:\PrismMetrics\src\Core.Library.Sabre\src\Sabre.base\storage.js,7,184
129,Core.Library.Sabre,D:\PrismMetrics\src\Core.Library.Sabre\dist\Sabre.min.js,743,920
146,Core.Library.Sabre,D:\PrismMetrics\src\Core.Library.Sabre\src\Sabre.lg\managers\LocalDataManager.js,1,205
146,Core.Library.Sabre,D:\PrismMetrics\src\Core.Library.Sabre\dist\Sabre.min.js,4853,5057
149,Core.Library.Sabre,D:\PrismMetrics\src\Core.Library.Sabre\dist\Sabre.min.js,1628,1789
149,Core.Library.Sabre,D:\PrismMetrics\src\Core.Library.Sabre\src\Sabre.lg\constants\ctConversions.js,2,163
152,Core.Library.Sabre,D:\PrismMetrics\src\Core.Library.Sabre\src\Sabre.lg\data\LogData.js,5,208
152,Core.Library.Sabre,D:\PrismMetrics\src\Core.Library.Sabre\dist\Sabre.min.js,3730,3933
157,Core.Service.ChannelData.Writer,D:\PrismMetrics\src\Core.Service.ChannelData.Writer\Service\Slb.Prism.Core.Service.ChannelData.Reader\Areas\HelpPage\HelpPageConfigurationExtensions.cs,19,463
157,Core.Service.DemoApp,D:\PrismMetrics\src\Core.Service.DemoApp\Service\Slb.Prism.Core.Service.DemoApp\Areas\HelpPage\HelpPageConfigurationExtensions.cs,19,463
164,Core.Library.Sabre,D:\PrismMetrics\src\Core.Library.Sabre\src\Sabre.lg\convertors\UnitConvertor.js,4,223
164,Core.Library.Sabre,D:\PrismMetrics\src\Core.Library.Sabre\dist\Sabre.min.js,3252,3471
179,Core.Service.DemoApp,D:\PrismMetrics\src\Core.Service.DemoApp\Service\Slb.Prism.Core.Service.DemoApp\Areas\HelpPage\SampleGeneration\HelpPageSampleGenerator.cs,21,441
179,Core.Service.ChannelData.Writer,D:\PrismMetrics\src\Core.Service.ChannelData.Writer\Service\Slb.Prism.Core.Service.ChannelData.Reader\Areas\HelpPage\SampleGeneration\HelpPageSampleGenerator.cs,21,441
181,Core.Library.Sabre,D:\PrismMetrics\src\Core.Library.Sabre\dist\Sabre.min.js,5801,6029
181,Core.Library.Sabre,D:\PrismMetrics\src\Core.Library.Sabre\src\Sabre.lg\render\Insert.js,4,232
187,Core.Library.Sabre,D:\PrismMetrics\src\Core.Library.Sabre\src\Sabre.lg\data\ChannelData.js,5,254
187,Core.Library.Sabre,D:\PrismMetrics\src\Core.Library.Sabre\dist\Sabre.min.js,3476,3725
194,Core.Library.Sabre,D:\PrismMetrics\src\Core.Library.Sabre\dist\Sabre.min.js,320,637
194,Core.Library.Sabre,D:\PrismMetrics\src\Core.Library.Sabre\src\Sabre.base\event.js,3,320
228,Core.Service.DemoApp,D:\PrismMetrics\src\Core.Service.DemoApp\Service\Slb.Prism.Core.Service.DemoApp\Areas\HelpPage\ModelDescriptions\ModelDescriptionGenerator.cs,19,448
228,Core.Service.ChannelData.Writer,D:\PrismMetrics\src\Core.Service.ChannelData.Writer\Service\Slb.Prism.Core.Service.ChannelData.Reader\Areas\HelpPage\ModelDescriptions\ModelDescriptionGenerator.cs,19,448
231,Core.Service.ChannelData.Writer,D:\PrismMetrics\src\Core.Service.ChannelData.Writer\Service\Slb.Prism.Core.Service.ChannelData.Reader\Areas\HelpPage\SampleGeneration\ObjectGenerator.cs,14,452
231,Core.Service.DemoApp,D:\PrismMetrics\src\Core.Service.DemoApp\Service\Slb.Prism.Core.Service.DemoApp\Areas\HelpPage\SampleGeneration\ObjectGenerator.cs,14,452
326,Core.Library.Sabre,D:\PrismMetrics\src\Core.Library.Sabre\src\Sabre.lg\abstract\BaseObject.js,5,437
326,Core.Library.Sabre,D:\PrismMetrics\src\Core.Library.Sabre\dist\Sabre.min.js,1174,1606
466,Core.Library.Sabre,D:\PrismMetrics\src\Core.Library.Sabre\dist\Sabre.min.js,1791,2260
466,Core.Library.Sabre,D:\PrismMetrics\src\Core.Library.Sabre\src\Sabre.lg\constants\ctDefault.js,2,471
660,Core.Library.Sabre,D:\PrismMetrics\src\Core.Library.Sabre\dist\Sabre.min.js,3938,4840
660,Core.Library.Sabre,D:\PrismMetrics\src\Core.Library.Sabre\src\Sabre.lg\format\Lg3Format.js,5,907
666,Core.Library.Sabre,D:\PrismMetrics\src\Core.Library.Sabre\dist\Sabre.min.js,2579,3248
666,Core.Library.Sabre,D:\PrismMetrics\src\Core.Library.Sabre\src\Sabre.lg\constants\ctPropertyTypes.js,1,670
